station,lon,lat,arrondissement,nb_depart,nb_arrivee,nb_total
12e avenue / St-Zotique,-73.589306473732,45.5568667309625,Rosemont - La Petite-Patrie,8,5,13
15e avenue / Dandurand,-73.57425928115845,45.554786595434784,Inconnu,0,3,3
15e avenue / Laurier,-73.56932803988457,45.55331992800521,Rosemont - La Petite-Patrie,1693,1584,3277
16e avenue / St-Joseph,-73.56577143073082,45.55293611277267,Inconnu,0,2,2
1ère avenue / Rosemont,-73.58486741781235,45.54779995287998,Rosemont - La Petite-Patrie,51,49,100
1ère avenue / St-Zotique,-73.59366238117218,45.551916701344936,Rosemont - La Petite-Patrie,948,811,1759
20e avenue / de Bellechasse,-73.5767751932144,45.55992951142522,Rosemont - La Petite-Patrie,617,467,1084
3e avenue / Bannantyne,-73.5763943195343,45.4577225021236,Verdun,136,107,243
3e avenue / Wellington,-73.56723271765077,45.457304311219616,Verdun,573,635,1208
5e avenue / Rosemont,-73.58308374881744,45.54990048023633,Rosemont - La Petite-Patrie,14,11,25
6e Avenue / Bélanger,-73.59631910920143,45.55458281524975,Rosemont - La Petite-Patrie,530,559,1089
6e avenue / Villeray,-73.60589044634253,45.55873962047568,Villeray—Saint-Michel—Parc-Extension,15,12,27
8e avenue / Dandurand,-73.5772217810154,45.550113551561694,Rosemont - La Petite-Patrie,15,23,38
9599 (test cyclochrome),-73.6020040512085,45.52992183768114,Rosemont - La Petite-Patrie,2,2,4
9e avenue / Masson,-73.57327222824097,45.54948994879926,Rosemont - La Petite-Patrie,1883,1885,3768
Alexandre-DeSève / Ontario,-73.56054916977882,45.524378086614014,Ville-Marie,23,36,59
Alexandre-de-Sève / Ste-Catherine,-73.55293308672117,45.52171703048863,Ville-Marie,18,29,47
Alma / de Bellechasse,-73.60352754592896,45.531034186281765,Rosemont - La Petite-Patrie,60,52,112
Argyle / Bannantyne,-73.5767751932144,45.453318765468914,Verdun,216,171,387
Atateken / du Square Amherst,-73.5639146839003,45.52066599241888,Ville-Marie,1273,1582,2855
Atwater / Greene,-73.57782661914825,45.48049514330605,Le Sud-Ouest,384,561,945
Atwater / Sherbrooke,-73.58763009309769,45.4912258547597,Ville-Marie,390,263,653
Aylmer / Prince-Arthur,-73.57769787311554,45.50856686947439,Le Plateau-Mont-Royal,117,121,238
Aylmer / Sherbrooke,-73.57282698154448,45.50629456823703,Le Plateau-Mont-Royal,99,88,187
Aylmer / Ste-Catherine,-73.56901906885469,45.50437634533078,Ville-Marie,42,26,68
Aylwin / Ontario,-73.54523241519928,45.544290485374304,Mercier - Hochelaga-Maisonneuve,2066,2679,4745
BAnQ (Berri),-73.56291957199574,45.51601387670667,Ville-Marie,911,1779,2690
BIXI K5,-73.60139787197113,45.53029763358792,Rosemont - La Petite-Patrie,598,610,1208
Ball / Bloomfield,-73.63287091255188,45.529996997063385,Villeray—Saint-Michel—Parc-Extension,31,37,68
Beaubien / 8e avenue,-73.58763143420218,45.55331997202561,Rosemont - La Petite-Patrie,588,495,1083
Beaudry / Sherbrooke,-73.56539458036421,45.52303493310712,Ville-Marie,95,82,177
Bennett / Ste-Catherine,-73.53263273835182,45.55315915057821,Mercier - Hochelaga-Maisonneuve,1348,1572,2920
Bercy / Rachel,-73.56196403503418,45.53840340979245,Le Plateau-Mont-Royal,73,55,128
Bernard / Jeanne-Mance,-73.6049484461546,45.52428310031213,Le Plateau-Mont-Royal,3947,3552,7499
Berri / Cherrier,-73.5692971944809,45.519266156911335,Le Plateau-Mont-Royal,484,312,796
Berri / Gilford,-73.58606100082396,45.52677632748293,Le Plateau-Mont-Royal,200,141,341
Berri / Laurier,-73.58843871625139,45.52809995527671,Le Plateau-Mont-Royal,99,77,176
Berri / Rachel,-73.57724860310555,45.52275023118295,Le Plateau-Mont-Royal,4314,4064,8378
Berri / de Maisonneuve,-73.56135049208204,45.51531350570208,Ville-Marie,2554,3251,5805
Beurling / Godin,-73.58381867408752,45.44791581215845,Verdun,202,272,474
Bibliothèque d'Ahuntsic (Lajeunesse / Fleury),-73.66225451231003,45.5534000891078,Ahuntsic-Cartierville,14,21,35
Bibliothèque et Complexe aquatique Rosemont (8e avenue / Rosemont),-73.58225226402283,45.551574858642525,Rosemont - La Petite-Patrie,1112,896,2008
Bishop / de Maisonneuve,-73.5777654405865,45.49720422766309,Inconnu,0,4,4
Bloomfield / Van Horne,-73.6132076382637,45.52269103555241,Outremont,1,1,2
Bourbonnière / Hochelaga,-73.54922890663147,45.54987688385806,Mercier - Hochelaga-Maisonneuve,15,21,36
Bourbonnière / du Mont-Royal,-73.56052905321121,45.55358456339093,Inconnu,0,1,1
Boyer / Bélanger,-73.60897,45.54006,Rosemont - La Petite-Patrie,113,110,223
Boyer / Rosemont,-73.59553456306458,45.53409866804061,Rosemont - La Petite-Patrie,103,79,182
Boyer / St-Zotique,-73.60580742359161,45.53866220045916,Rosemont - La Petite-Patrie,104,94,198
Boyer / de Bellechasse,-73.59934665262699,45.53578876027516,Rosemont - La Petite-Patrie,64,51,115
Boyer / du Mont-Royal,-73.57991673052311,45.527432126380575,Le Plateau-Mont-Royal,143,134,277
CCI Outremont (Dollard / Ducharme),-73.61890733242035,45.52001910239164,Outremont,335,327,662
CHSLD Joseph-François-Perrault (St-Michel / Everett),-73.60145956277847,45.55969734528566,Inconnu,0,3,3
CHSLD Robert Cliche (de Bellechasse / 16e avenue),-73.579191,45.557568,Rosemont - La Petite-Patrie,629,488,1117
CHSLD St-Michel (8e avenue / Jarry),-73.610512,45.5616903,Villeray—Saint-Michel—Parc-Extension,8,10,18
CHU Ste-Justine (de la Côte Ste-Catherine / Hudson),-73.62283945083618,45.50398168549117,Côte-des-Neiges - Notre-Dame-de-Grâce,714,483,1197
Calixa-Lavallée / Rachel,-73.57167445577942,45.52778299244644,Le Plateau-Mont-Royal,839,709,1548
Calixa-Lavallée / Rachel 2,-73.57195928692818,45.52783105277898,Le Plateau-Mont-Royal,879,453,1332
Calixa-Lavallée / Sherbrooke,-73.56545,45.52479,Le Plateau-Mont-Royal,249,200,449
Campus MIL (Thérèse-Lavoie Roux / Outremont),-73.61822873353958,45.52299546956007,Outremont,1085,1120,2205
Cartier / Bélanger,-73.60281676054001,45.546779039476185,Rosemont - La Petite-Patrie,3,8,11
Cartier / Dandurand,-73.58594566583633,45.53923559055867,Rosemont - La Petite-Patrie,22,16,38
Cartier / Marie-Anne,-73.57190161943436,45.53280412806031,Le Plateau-Mont-Royal,5138,4892,10030
Cartier / Masson,-73.58352363109587,45.5380207402854,Le Plateau-Mont-Royal,78,76,154
Casgrain / Maguire,-73.5957657695144,45.52621764749851,Le Plateau-Mont-Royal,45,36,81
Cathcart / McGill College,-73.57045487814501,45.501187681489775,Ville-Marie,1947,2094,4041
Chabanel / Tolhurst,-73.65388602018356,45.5399269287734,Ahuntsic-Cartierville,22,23,45
Chabanel / du Parc,-73.6548838019371,45.53830765459552,Ahuntsic-Cartierville,696,746,1442
Chabot / Beaubien,-73.59578132629395,45.54442573762501,Rosemont - La Petite-Patrie,20,24,44
Chabot / du Mont-Royal,-73.57352435588837,45.53413436610844,Le Plateau-Mont-Royal,245,233,478
Chambord / Gilford,-73.58106877662067,45.53149589691095,Le Plateau-Mont-Royal,46,44,90
Chapleau / du Mont-Royal,-73.56936,45.53867,Le Plateau-Mont-Royal,119,87,206
Chomedey / de Maisonneuve,-73.58394473791122,45.491750449903954,Ville-Marie,5,7,12
Christophe-Colomb / Beaubien,-73.60115647315979,45.53783932655299,Rosemont - La Petite-Patrie,2953,2460,5413
Christophe-Colomb / St-Joseph,-73.58439266681671,45.53036486555959,Le Plateau-Mont-Royal,95,70,165
City Councillors / du President-Kennedy,-73.57139065861702,45.50625103256782,Ville-Marie,40,69,109
Cité des Arts du Cirque (Paul Boutet / des Regrattiers),-73.61538398272387,45.55982621051128,Villeray—Saint-Michel—Parc-Extension,21,20,41
Clark / Laurier,-73.59350547194481,45.52255032822836,Le Plateau-Mont-Royal,395,363,758
Clark / Ontario,-73.56678128242493,45.51049728732744,Ville-Marie,2104,2909,5013
Clark / Prince-Arthur,-73.57301607728004,45.513342512307055,Le Plateau-Mont-Royal,133,125,258
Clark / Rachel,-73.58241524554614,45.517537449207474,Le Plateau-Mont-Royal,253,162,415
Clark / St-Viateur,-73.59935637563467,45.5251943015533,Le Plateau-Mont-Royal,14,21,35
Clark / de l'Arcade,-73.60398352146149,45.527371996141,Le Plateau-Mont-Royal,2381,2094,4475
Collège Ahuntsic (St-Hubert / Émile-Journault),-73.64060204476118,45.55118940267553,Ahuntsic-Cartierville,338,426,764
Collège André-Grasset (Crémazie / Christophe-Colomb),-73.63216600382657,45.55098964971912,Ahuntsic-Cartierville,135,132,267
Collège de Maisonneuve (Sherbrooke / Bourbonnière),-73.55469642207026,45.55144364425768,Mercier - Hochelaga-Maisonneuve,806,709,1515
Collège de Rosemont (Beaubien / 15e avenue),-73.58380123972893,45.55774990838239,Rosemont - La Petite-Patrie,610,425,1035
Coloniale / Duluth,-73.57842743396758,45.51786873150825,Le Plateau-Mont-Royal,221,197,418
Complexe Desjardins (St-Urbain / René-Lévesque),-73.56315059590997,45.50788520688478,Ville-Marie,1397,2353,3750
Complexe sportif Claude-Robillard (Émile-Journault),-73.6383855342865,45.55358456339093,Ahuntsic-Cartierville,21,18,39
Crescent / René-Lévesque,-73.5734586417675,45.49603187552495,Ville-Marie,13,16,29
Crescent / de Maisonneuve,-73.57759594917297,45.49812041247333,Ville-Marie,38,41,79
Cyclo winter station,-73.60198259353638,45.52985495749019,Inconnu,0,30,30
CÉGEP du Vieux-Montréal (Ontario / de l'Hôtel-de-Ville),-73.56598667800426,45.51401222645779,Ville-Marie,620,841,1461
Cégep du Vieux-Montréal (Ontario / de l'Hôtel-de-Ville),-73.56598667800426,45.51401222645779,Ville-Marie,742,1108,1850
Dandurand / D'Iberville,-73.5809513926506,45.5443716426341,Rosemont - La Petite-Patrie,27,33,60
Dandurand / de Lorimier,-73.58419083058834,45.54088934785174,Rosemont - La Petite-Patrie,4,4,8
Darling / Sherbrooke,-73.55673909187317,45.54545514686953,Inconnu,0,1,1
Dorion / Gauthier,-73.56643053399237,45.53081165221863,Le Plateau-Mont-Royal,190,186,376
Dorion / Ontario,-73.55821162462234,45.526991277453526,Ville-Marie,3602,4217,7819
Drolet / Marie-Anne,-73.58117669820786,45.52240257341408,Le Plateau-Mont-Royal,212,217,429
Drolet / St-Zotique,-73.60941231250763,45.53488214147823,Rosemont - La Petite-Patrie,73,69,142
Drummond / Sherbrooke,-73.578113079202,45.50053575221416,Ville-Marie,100,76,176
Drummond / Ste-Catherine,-73.5741600394249,45.49861674293281,Ville-Marie,33,39,72
Drummond / des-Canadiens-de-Montréal,-73.57027635600843,45.49676067752141,Ville-Marie,76,56,132
Duke / Nazareth,-73.55461344122887,45.49572236030835,Ville-Marie,821,801,1622
Duluth  / St-Denis,-73.57594907283782,45.52062760607925,Le Plateau-Mont-Royal,2865,2718,5583
Duluth / de l'Esplanade,-73.58105599880219,45.515132275425785,Le Plateau-Mont-Royal,129,80,209
Durocher / Beaumont,-73.61919969320297,45.52799772330074,Villeray—Saint-Michel—Parc-Extension,28,31,59
Durocher / Sherbrooke,-73.57227981090546,45.507088290505685,Le Plateau-Mont-Royal,66,50,116
Elmwood / Mc Dougall,-73.60364019870758,45.51778642010814,Outremont,524,469,993
Ernest-Gendreau / du Mont-Royal,-73.56384828686714,45.549713734001415,Inconnu,0,1,1
Fabre / Jean-Talon,-73.60776543617249,45.546634811657086,Rosemont - La Petite-Patrie,1006,944,1950
Fabre / Laurier,-73.58259929347696,45.53458691154375,Le Plateau-Mont-Royal,129,130,259
Fabre / St-Zotique,-73.60126135876271,45.543653916207866,Rosemont - La Petite-Patrie,24,17,41
Fabrik8 (Waverly / Jean-Talon),-73.62082242965698,45.53330725719417,Villeray—Saint-Michel—Parc-Extension,845,868,1713
Fairmount / Hutchison,-73.59826556408734,45.51969064184933,Le Plateau-Mont-Royal,35,27,62
Fortune / Wellington,-73.559038,45.477923,Le Sud-Ouest,909,1012,1921
Frontenac / Ste-Catherine,-73.54559183120728,45.53006276144042,Ville-Marie,584,660,1244
Fullum / Gilford,-73.5737818479538,45.539198007249375,Le Plateau-Mont-Royal,95,88,183
Fullum / Marie-Anne,-73.56803923845291,45.53650541861215,Le Plateau-Mont-Royal,3327,2983,6310
Fullum / Sherbrooke,-73.56228053569794,45.53378566312351,Le Plateau-Mont-Royal,247,213,460
Fullum / de Rouen,-73.55892024004788,45.53225536243612,Ville-Marie,35,46,81
Gare Centrale (de la Gauchetière / Mansfield),-73.5660799094876,45.49982531155875,Ville-Marie,29,32,61
Gare d'autocars de Montréal (Berri / Ontario),-73.56425732374191,45.516926210319546,Ville-Marie,1401,1791,3192
Garnier / Beaubien,-73.59839379787445,45.54144823434163,Rosemont - La Petite-Patrie,1799,1477,3276
Garnier / Gilford,-73.58016096510255,45.53250674403981,Le Plateau-Mont-Royal,84,75,159
Garnier / St-Grégoire,-73.58710169792175,45.5358215436799,Le Plateau-Mont-Royal,104,90,194
Garnier / du Mont-Royal,-73.5761762317452,45.53075597398246,Le Plateau-Mont-Royal,4394,4013,8407
Gary-Carter / St-Laurent,-73.62258464097977,45.53613488953656,Villeray—Saint-Michel—Parc-Extension,1043,920,1963
Gauthier / Parthenais,-73.56377989053726,45.53292625574653,Le Plateau-Mont-Royal,47,55,102
Georges-Vanier /  Notre-Dame,-73.57192163679429,45.48504525051504,Le Sud-Ouest,287,313,600
Gilford / Papineau,-73.57823699712753,45.5343936461316,Le Plateau-Mont-Royal,215,211,426
Gilford / St-Denis,-73.58558893203735,45.52497612960628,Le Plateau-Mont-Royal,245,201,446
Gilford / de la Roche,-73.58207069792115,45.53020692408532,Le Plateau-Mont-Royal,84,76,160
Gilford / des Érables,-73.57534691691399,45.53728040418993,Le Plateau-Mont-Royal,175,153,328
Grand Boulevard / Sherbrooke,-73.62334638833998,45.46659823105616,Côte-des-Neiges - Notre-Dame-de-Grâce,336,307,643
Grey / Sherbrooke,-73.60647261142731,45.47651075689498,Côte-des-Neiges - Notre-Dame-de-Grâce,831,839,1670
Guy / Barré,-73.56628775596619,45.4897009285845,Inconnu,0,1,1
HEC (Decelles / Jean-Brillant),-73.61925333738327,45.49772282989976,Côte-des-Neiges - Notre-Dame-de-Grâce,916,545,1461
Hamel / Sauriol,-73.65338176488876,45.56157008176612,Ahuntsic-Cartierville,23,28,51
Henri-Julien / Laurier,-73.59033644199371,45.52574657625029,Le Plateau-Mont-Royal,2,1,3
Henri-Julien / du Carmel,-73.59502326697111,45.52795093787009,Le Plateau-Mont-Royal,24,19,43
Hochelaga / Dézéry,-73.55388522148132,45.54267119010467,Mercier - Hochelaga-Maisonneuve,390,586,976
Hochelaga / de l'Assomption,-73.53943817317486,45.56688309109519,Inconnu,0,2,2
Hutchison / Prince-Arthur,-73.57610732316971,45.50975858607626,Le Plateau-Mont-Royal,103,117,220
Hutchison / Van Horne,-73.61066222190857,45.52497612960628,Le Plateau-Mont-Royal,29,31,60
Hélène-Baillargeon / St-Denis,-73.59527,45.52974,Le Plateau-Mont-Royal,104,63,167
Hôpital Général Juif (de la Côte-Ste-Catherine / Légaré),-73.62983867526054,45.49624140543275,Côte-des-Neiges - Notre-Dame-de-Grâce,383,284,667
Hôpital Maisonneuve-Rosemont (Rosemont / Chatelain),-73.561562,45.575707,Rosemont - La Petite-Patrie,417,468,885
Hôpital Santa Cabrini (de Pontoise / d'Évreux),-73.57260999085156,45.58135403391153,Rosemont - La Petite-Patrie,7,9,16
IUSMM (Georges-Villeneuve),-73.52969169616699,45.58661042838809,Mercier - Hochelaga-Maisonneuve,99,127,226
Jacques-Casault / Christophe-Colomb,-73.6303174495697,45.551961779348346,Ahuntsic-Cartierville,437,516,953
Jean-Talon / de l'Épée,-73.62388551235199,45.52794135176983,Villeray—Saint-Michel—Parc-Extension,27,27,54
Jean-d’Estrées / Notre-Dame,-73.56391131877899,45.49439027388589,Ville-Marie,6,9,15
Jeanne-Mance / Beaubien,-73.61229971051216,45.527650097960205,Rosemont - La Petite-Patrie,33,35,68
Jeanne-Mance / Laurier,-73.59497621666378,45.52027633320609,Le Plateau-Mont-Royal,502,419,921
Jeanne-Mance / René-Lévesque,-73.5642009973526,45.5063713381299,Ville-Marie,1617,1779,3396
Jeanne-Mance / Sherbrooke,-73.57122302055359,45.50934693918775,Le Plateau-Mont-Royal,3785,3476,7261
Jeanne-Mance / St-Viateur,-73.60184043645859,45.523026476635074,Le Plateau-Mont-Royal,86,59,145
Joseph-Manseau / René-Levesque,-73.57682347297668,45.49168652100804,Ville-Marie,1,1,2
Kent / Hudson,-73.62931698560715,45.5058412398175,Côte-des-Neiges - Notre-Dame-de-Grâce,319,424,743
La Fontaine / Alexandre-de-Sève,-73.55799973011017,45.52330366033427,Ville-Marie,28,27,55
La Tour de Montréal (Pierre-de-Coubertin / Bennett),-73.55155438184738,45.55970526805903,Mercier - Hochelaga-Maisonneuve,8,9,17
LaSalle / Godin,-73.57219934463501,45.44693448484644,Verdun,467,497,964
Labadie / du Parc,-73.59682738780975,45.5198946757576,Le Plateau-Mont-Royal,1,3,4
Lafontaine / Panet,-73.55914508279966,45.52209288121081,Ville-Marie,15,14,29
Lajeunesse / Villeray,-73.62268656492233,45.54218173507584,Villeray—Saint-Michel—Parc-Extension,1924,1988,3912
Lanaudière / Bélanger,-73.60565051436424,45.54365085053057,Rosemont - La Petite-Patrie,8,10,18
Lanaudière / Jean-Talon,-73.61032962799072,45.545350334193245,Villeray—Saint-Michel—Parc-Extension,742,679,1421
Lanouette / de l'Église,-73.57683420181274,45.46337393327436,Verdun,513,597,1110
Laurier / St-Denis,-73.58943924307823,45.5271540234837,Le Plateau-Mont-Royal,7807,6002,13809
Laurier / de Bordeaux,-73.57918381690979,45.53725128371284,Le Plateau-Mont-Royal,250,244,494
Laurier / de Brébeuf,-73.5847695171833,45.53244901681983,Le Plateau-Mont-Royal,5251,5083,10334
Laval / Duluth,-73.57715926134915,45.519192617838605,Le Plateau-Mont-Royal,166,169,335
Laval / Rachel,-73.5795271396637,45.52022449558384,Le Plateau-Mont-Royal,75,85,160
Laval / du Mont-Royal,-73.58414590358734,45.5223645775784,Le Plateau-Mont-Royal,242,173,415
Le Royer / St-Laurent,-73.55429930616083,45.50597445022123,Ville-Marie,2,2,4
Lincoln / du Fort,-73.58382672071457,45.49306511863136,Ville-Marie,1,0,1
Logan / de Champlain,-73.55584256350994,45.5231943285584,Ville-Marie,33,37,70
Louis-Hébert / St-Zotique,-73.59576,45.55001,Rosemont - La Petite-Patrie,19,21,40
Louis-Hémon / Beaubien,-73.59320975840092,45.54686125709207,Rosemont - La Petite-Patrie,13,15,28
Louis-Hémon / Rosemont,-73.58791708946228,45.54430551341823,Rosemont - La Petite-Patrie,20,19,39
Mackay / René-Lévesque,-73.57411649085407,45.49445745087875,Ville-Marie,1,1,2
Maguire / Henri-Julien,-73.59347056655677,45.527041096087785,Le Plateau-Mont-Royal,29,19,48
Maguire / St-Laurent,-73.5958108305931,45.52462848559264,Le Plateau-Mont-Royal,64,58,122
Mansfield / Sherbrooke,-73.5751303658617,45.50301533529815,Ville-Marie,168,169,337
Marché Atwater,-73.57759863138199,45.48020822800015,Le Sud-Ouest,800,968,1768
Marché Jean-Talon (Casgrain / Shamrock),-73.61548215150833,45.53519006163501,Rosemont - La Petite-Patrie,3317,3391,6708
Marché Maisonneuve (Ontario / Morgan),-73.53978216648102,45.55321884238814,Mercier - Hochelaga-Maisonneuve,1283,1809,3092
Marché St-Jacques (Atateken),-73.5639146839003,45.52066599241888,Ville-Marie,3400,4329,7729
Marie-Anne / Papineau,-73.5724139213562,45.53176697148175,Le Plateau-Mont-Royal,213,225,438
Marie-Anne / St-Hubert,-73.5788968205452,45.5246829812827,Le Plateau-Mont-Royal,200,178,378
Marie-Anne / de la Roche,-73.5762870311737,45.52755050760189,Le Plateau-Mont-Royal,146,125,271
Marmier / St-Denis,-73.59839648008347,45.53080495407925,Rosemont - La Petite-Patrie,138,80,218
Marquette / Laurier,-73.5822,45.53543,Le Plateau-Mont-Royal,304,223,527
Marquette / des Carrières,-73.58865737915039,45.53859456744162,Rosemont - La Petite-Patrie,2209,1818,4027
Marquette / du Mont-Royal,-73.57543140649796,45.53221791147474,Le Plateau-Mont-Royal,250,241,491
Marquette / du Mont-Royal (sud),-73.57514306902884,45.53207722797955,Le Plateau-Mont-Royal,373,366,739
Masson / Molson,-73.57697686180472,45.54434593245247,Rosemont - La Petite-Patrie,3005,2974,5979
McGill / Place d'Youville,-73.55625258141116,45.500014581102505,Ville-Marie,1614,2218,3832
McTavish / Sherbrooke,-73.57589408755302,45.50277615861811,Ville-Marie,4282,4716,8998
Melrose / de Verdun,-73.57238446649716,45.45381979371188,Verdun,803,781,1584
Messier / Rachel,-73.56532464451448,45.53451813633701,Le Plateau-Mont-Royal,149,130,279
Messier / St-Joseph,-73.57605636119843,45.53946063965585,Le Plateau-Mont-Royal,1792,1699,3491
Messier / du Mont-Royal,-73.5710031,45.53711414,Le Plateau-Mont-Royal,166,153,319
Metcalfe / de Maisonneuve,-73.57427495998309,45.50177034353527,Ville-Marie,62,76,138
Metcalfe / de Maisonneuve (sud),-73.5734578129086,45.50137502733013,Ville-Marie,99,82,181
Milton / Durocher,-73.57492983341217,45.508140959417744,Le Plateau-Mont-Royal,145,135,280
Milton / Hutchison,-73.57421151364179,45.508959131298816,Le Plateau-Mont-Royal,100,104,204
Milton / St-Laurent,-73.57055649161339,45.512916325090295,Le Plateau-Mont-Royal,3594,2777,6371
Molson / Beaubien,-73.59132108093945,45.54977750895228,Rosemont - La Petite-Patrie,22,24,46
Molson / William-Tremblay,-73.56496073305605,45.541602844435374,Rosemont - La Petite-Patrie,2204,2319,4523
Montcalm / Ontario,-73.56229394674301,45.52110494530867,Ville-Marie,155,199,354
Montcalm / de Maisonneuve,-73.55788965214742,45.519131967116216,Ville-Marie,90,129,219
Mozart / Drolet,-73.61286163330078,45.53632505680015,Rosemont - La Petite-Patrie,73,79,152
Mozart / Waverly,-73.61701235175133,45.5315236502754,Rosemont - La Petite-Patrie,33,38,71
Métro Acadie (de l'Acadie / Beaumont),-73.62344294786453,45.52357479400008,Villeray—Saint-Michel—Parc-Extension,1,3,4
Métro Atwater (Atwater / Ste-Catherine),-73.58455628156662,45.48948092966191,Ville-Marie,3035,2409,5444
Métro Beaubien (de St-Vallier / Beaubien),-73.60463261604308,45.53478444274838,Rosemont - La Petite-Patrie,3464,3160,6624
Métro Beaudry (Beaudry / Ste-Catherine),-73.55593845248222,45.51888453178292,Ville-Marie,105,132,237
Métro Bonaventure (de la Gauchetière / Mansfield),-73.56685843325977,45.49884749025835,Ville-Marie,19,17,36
Métro Champ-de-Mars (Hôtel-de-Ville / Viger),-73.55743234369584,45.50956143036354,Ville-Marie,30,31,61
Métro Charlevoix (Centre / Charlevoix),-73.56956273317337,45.47840089832752,Inconnu,0,1,1
Métro Crémazie (Crémazie / Lajeunesse),-73.63842844963074,45.54640752148169,Ahuntsic-Cartierville,984,1012,1996
Métro Frontenac (Ontario / du Havre),-73.55217933654784,45.53370598779895,Ville-Marie,1909,2558,4467
Métro Henri-Bourassa (Henri-Bourassa / Millen),-73.66716161370277,45.55675103297278,Ahuntsic-Cartierville,246,325,571
Métro Jolicoeur (de Sève / Drake),-73.58193710446358,45.45608545783109,Le Sud-Ouest,234,258,492
Métro Joliette  (Hochelaga / Joliette),-73.55115339159964,45.54699194653282,Mercier - Hochelaga-Maisonneuve,1509,1793,3302
Métro Langelier (Langelier / Sherbrooke),-73.54247644543648,45.58284663189181,Mercier - Hochelaga-Maisonneuve,95,116,211
Métro Laurier (Berri / St-Joseph),-73.58672618865965,45.52723106564012,Le Plateau-Mont-Royal,2471,1666,4137
Métro Lionel-Groulx (St-Jacques / Atwater),-73.57975836854166,45.48295816149219,Le Sud-Ouest,1372,1733,3105
Métro Lucien-L'Allier (Lucien l'Allier / Argyle),-73.57112377882004,45.49487159597493,Ville-Marie,1517,1066,2583
Métro Mont-Royal (Utilités publiques / Rivard),-73.58166217803955,45.52424701428399,Le Plateau-Mont-Royal,7159,6918,14077
Métro Papineau (Dorion / De Maisonneuve),-73.55236601831166,45.5238445756922,Ville-Marie,3076,4185,7261
Métro Parc  (Hutchison / Ogilvy),-73.6243924498558,45.53035130173597,Villeray—Saint-Michel—Parc-Extension,1299,1191,2490
Métro Peel (de Maisonneuve / Stanley),-73.57507,45.50038,Ville-Marie,3435,3275,6710
Métro Pie-IX (Pierre-de-Coubertin / Desjardins),-73.55137467384337,45.55437339981968,Mercier - Hochelaga-Maisonneuve,1377,1252,2629
Métro Place-d'Armes (St-Urbain / Viger),-73.55969488620758,45.5063863763071,Ville-Marie,897,1550,2447
Métro Place-des-Arts (du Président-Kennedy / Jeanne-Mance),-73.56881439685822,45.50820461505136,Ville-Marie,36,76,112
Métro Préfontaine (Moreau / Hochelaga),-73.5537427291274,45.54131350328532,Mercier - Hochelaga-Maisonneuve,457,642,1099
Métro Radisson (Sherbrooke / des Groseilliers),-73.53965610265732,45.58917500418707,Mercier - Hochelaga-Maisonneuve,198,224,422
Métro Rosemont (de St-Vallier / Rosemont),-73.5975547786984,45.53180536220488,Rosemont - La Petite-Patrie,2624,2233,4857
Métro Sauvé (Berri / Sauvé),-73.65636706352234,45.55069206841976,Ahuntsic-Cartierville,333,316,649
Métro Sherbrooke (de Rigaud / Berri),-73.56800436973572,45.51814312154928,Le Plateau-Mont-Royal,4677,3517,8194
Métro St-Laurent (de Maisonneuve / St-Laurent),-73.56512099504471,45.51074821798916,Ville-Marie,2718,4096,6814
Métro St-Michel (Shaughnessy / St-Michel),-73.59951764345168,45.55897660298603,Villeray—Saint-Michel—Parc-Extension,29,24,53
Métro Université de Montréal (Édouard-Montpetit / Louis-Collin),-73.6182689666748,45.50363996257211,Côte-des-Neiges - Notre-Dame-de-Grâce,886,437,1323
Métro Verdun (Willibrord / de Verdun),-73.57252441513992,45.45944220460236,Verdun,714,775,1489
Métro Viau (Pierre-de-Coubertin / Viau),-73.54622590548388,45.56228814999496,Mercier - Hochelaga-Maisonneuve,968,799,1767
Métro Villa-Maria (de Monkland / Décarie),-73.61956179141998,45.4790046017838,Côte-des-Neiges - Notre-Dame-de-Grâce,526,248,774
Métro de l'Église (Ross / de l'Église),-73.56593772768973,45.4628312022419,Verdun,1067,1310,2377
Notre-Dame / St-Gabriel,-73.55511903762817,45.50714391928411,Ville-Marie,859,912,1771
Notre-Dame / St-Henri,-73.5600175754007,45.50019918807319,Ville-Marie,12,9,21
Notre-Dame / St-Martin,-73.56871783733366,45.48830194643546,Le Sud-Ouest,1163,1407,2570
Omer-Lavallée / du Midway,-73.56217458844185,45.5457759528664,Rosemont - La Petite-Patrie,1628,1625,3253
Ontario / Ville-Marie,-73.534934520776,45.56001959585449,Mercier - Hochelaga-Maisonneuve,618,662,1280
Ottawa / William,-73.56406286358833,45.48972725318433,Le Sud-Ouest,801,962,1763
Ottawa / Young,-73.55977854693263,45.493709053274245,Le Sud-Ouest,11,15,26
Ottawa / du Séminaire,-73.56159925460815,45.4912954250061,Le Sud-Ouest,1387,1661,3048
Panet / Ste-Catherine,-73.55491518974304,45.52002998668944,Ville-Marie,20,29,49
Panet / de Maisonneuve,-73.55609618582093,45.52056694976339,Ville-Marie,45,49,94
Papineau / Émile-Journault,-73.63352854128607,45.55991753389444,Villeray—Saint-Michel—Parc-Extension,18,13,31
Parc Beaubien Outremont (Stuart / St-Viateur),-73.60827505588531,45.51596969492228,Outremont,436,311,747
Parc Benny (Benny / de Monkland),-73.6315867306621,45.46691310542626,Côte-des-Neiges - Notre-Dame-de-Grâce,297,313,610
Parc Georges St-Pierre (Oxford / Upper Lachine),-73.60943913459778,45.46887995929811,Côte-des-Neiges - Notre-Dame-de-Grâce,132,117,249
Parc Hector-Toe-Blake (du Sussex / René-Lévesque),-73.58088755610879,45.48915410275294,Ville-Marie,2,1,3
Parc Henri-Julien (Legendre / Henri-Julien),-73.64650368695946,45.54612833838664,Ahuntsic-Cartierville,18,25,43
Parc Hilda-Ramacière (de Bullion / Prince-Arthur),-73.57212960720062,45.51562131982338,Le Plateau-Mont-Royal,84,82,166
Parc Howard (de l'Épée / de Liège),-73.64228380847635,45.53337693203317,Villeray—Saint-Michel—Parc-Extension,9,10,19
Parc Jeanne-Mance (du Mont-Royal / du Parc),-73.58911652441746,45.5169290827898,Le Plateau-Mont-Royal,3444,2079,5523
Parc Jeanne-Mance (monument sir George-Étienne-Cartier),-73.58486406505108,45.51487490356938,Le Plateau-Mont-Royal,2814,1445,4259
Parc Kirkland (des Érables / Boyer),-73.65079946815968,45.44606092178209,Inconnu,0,3,3
Parc Labelle (LaSalle / Henri-Duhamel),-73.56998920440674,45.47256100297732,Verdun,273,353,626
Parc Ludger-Duvernay (St-André / St-Hubert),-73.59242051839828,45.53147464147482,Le Plateau-Mont-Royal,36,28,64
Parc MacDonald (Clanranald / Isabella),-73.6347082843349,45.482741483803686,Côte-des-Neiges - Notre-Dame-de-Grâce,250,253,503
Parc Maisonneuve (Viau / Sherbrooke),-73.5555911064148,45.56493679334249,Rosemont - La Petite-Patrie,30,20,50
Parc Molson (d'Iberville / Beaubien),-73.59198164194822,45.54902230455398,Rosemont - La Petite-Patrie,1968,2010,3978
Parc Nicolas-Tillemont (des Érables / Villeray),-73.61255215771962,45.55463653358596,Villeray—Saint-Michel—Parc-Extension,18,24,42
Parc Olympique (Pie-IX / Sherbrooke),-73.55370283126831,45.554824549823,Mercier - Hochelaga-Maisonneuve,8,4,12
Parc Pratt (Dunlop / Van Horne),-73.61968517303467,45.51491895406188,Outremont,290,209,499
Parc St-Gabriel (Grand Trunk / Ropery),-73.56572315096855,45.478545712518894,Le Sud-Ouest,1040,1267,2307
Parc St-Henri (Laporte / Guay),-73.58560770750046,45.4801160762769,Le Sud-Ouest,24,43,67
Parc St-Patrick (St-Patrick / St-Columban),-73.55899317193689,45.48870785150952,Le Sud-Ouest,24,47,71
Parc Van Horne (de la Peltrie / de Westbury),-73.63852232694626,45.490494421832885,Côte-des-Neiges - Notre-Dame-de-Grâce,7,5,12
Parc Villeray (Christophe-Colomb / Jarry),-73.62365484237671,45.54851320767612,Villeray—Saint-Michel—Parc-Extension,637,581,1218
Parc Villeray (Jarry / Christophe-Colomb),-73.62365484237671,45.54851320767612,Villeray—Saint-Michel—Parc-Extension,114,105,219
Parc de Turin (de Lanaudière / Jean-Talon),-73.61032962799072,45.545350334193245,Villeray—Saint-Michel—Parc-Extension,423,367,790
Parc de la Confédération (Fielding / West Hill),-73.64002168178558,45.47188199358608,Côte-des-Neiges - Notre-Dame-de-Grâce,100,141,241
Parc du Père-Marquette (de Bellechasse / de Lanaudière),-73.59521873295307,45.539306918976,Rosemont - La Petite-Patrie,1670,1489,3159
Parc du Pélican (1ère avenue / Masson),-73.57644259929657,45.54518840394769,Rosemont - La Petite-Patrie,84,75,159
Parc Émilie-Gamelin (St-Hubert / de Maisonneuve sud),-73.56008380651474,45.51586835126322,Ville-Marie,4100,5060,9160
Parthenais / Larivière,-73.55784621096973,45.53025954525953,Ville-Marie,26,26,52
Parthenais / du Mont-Royal,-73.57141345739365,45.53640396516409,Le Plateau-Mont-Royal,226,229,455
Peel / Notre-Dame,-73.56329441070557,45.49544692088696,Ville-Marie,1812,3710,5522
Pierce / Ste-Catherine,-73.5787171125412,45.49445796005324,Inconnu,0,1,1
Pierre-de-Coubertin / Aird,-73.54830354452133,45.55903106539297,Mercier - Hochelaga-Maisonneuve,790,913,1703
Place Valois (Valois / Ontario),-73.543126247896,45.54701750084233,Mercier - Hochelaga-Maisonneuve,1809,2555,4364
Place Ville-Marie (Robert-Bourassa / René-Lévesque),-73.56825381517409,45.5021829099012,Ville-Marie,1309,1145,2454
Place des Festivals (du Président-Kennedy / de Bleury),-73.56932401657104,45.50764392965887,Ville-Marie,80,117,197
Place du Canada (Peel / des Canadiens-de-Montréal),-73.56825113296509,45.497795545133336,Ville-Marie,1875,1662,3537
Plessis / Ontario,-73.56109768152237,45.523593057451045,Ville-Marie,43,43,86
Plessis / René-Lévesque,-73.55190977454185,45.51937504116866,Ville-Marie,15,22,37
Poupart / Logan,-73.54900679552884,45.52997432204594,Ville-Marie,11,7,18
Poupart / Ontario,-73.55348825454712,45.53183672649831,Ville-Marie,10,23,33
Prince-Arthur / Ste-Famille,-73.57463479042053,45.511670167106246,Le Plateau-Mont-Royal,67,54,121
Prince-Arthur / du Parc,-73.57557892799377,45.51050104659654,Le Plateau-Mont-Royal,250,228,478
Préfontaine / Marcel-Pépin,-73.55942063033581,45.54365380040509,Rosemont - La Petite-Patrie,28,36,64
Queen / Wellington,-73.55517907071771,45.49756836767708,Ville-Marie,5,2,7
Rachel / de Brébeuf,-73.5727014299664,45.526911494644025,Le Plateau-Mont-Royal,1647,1483,3130
Regina / de Verdun,-73.57078850269318,45.46734390596128,Verdun,646,663,1309
René-Lévesque / Papineau,-73.5499919950962,45.52097057660443,Ville-Marie,1751,2266,4017
Rivard / du Mont-Royal,-73.58263313770294,45.5245589565321,Le Plateau-Mont-Royal,357,329,686
Robert-Bourassa / St-Maurice,-73.56055587530136,45.49837045828952,Ville-Marie,991,1179,2170
Robert-Bourassa / Ste-Catherine,-73.57002343989733,45.50325409319902,Ville-Marie,89,62,151
Robin / St-Timothée,-73.56129348278046,45.51862424058306,Ville-Marie,10,11,21
Rosemont / Viau,-73.56666326522826,45.56833021674857,Rosemont - La Petite-Patrie,31,32,63
Roy / Saint-Laurent,-73.57577390039296,45.51565182195085,Le Plateau-Mont-Royal,3864,3313,7177
Roy / St-André,-73.57037329677041,45.52161742271569,Le Plateau-Mont-Royal,3440,2712,6152
Roy / St-Denis,-73.57268296636903,45.51910107799227,Le Plateau-Mont-Royal,475,481,956
Sewell / Roy,-73.57659816741943,45.51467743947122,Le Plateau-Mont-Royal,107,79,186
Sherbrooke / Benny,-73.62700089812279,45.46489980721603,Côte-des-Neiges - Notre-Dame-de-Grâce,288,272,560
Sherbrooke / Jeanne-d'Arc,-73.55496388156098,45.55398156058887,Rosemont - La Petite-Patrie,737,614,1351
Smith / Peel,-73.55641052126883,45.49276061084002,Le Sud-Ouest,2371,3427,5798
Square Viger (Berri / Viger),-73.55481594800949,45.5121682576952,Ville-Marie,2131,3050,5181
Square-Victoria (Viger / du Square-Victoria),-73.56294138360681,45.50208503935104,Ville-Marie,1592,2631,4223
St-Alexandre / Ste-Catherine,-73.5674786567688,45.50527354034462,Ville-Marie,110,109,219
St-André /  Cherrier,-73.56770128011703,45.52050169308784,Le Plateau-Mont-Royal,84,70,154
St-André / Laurier,-73.58760595321655,45.529485911283714,Le Plateau-Mont-Royal,92,80,172
St-André / Ontario,-73.56353,45.51889,Ville-Marie,67,107,174
St-André / Rachel,-73.57537156904073,45.52409561323593,Le Plateau-Mont-Royal,138,125,263
St-André / Ste-Catherine,-73.55801045894623,45.516297540849614,Ville-Marie,176,192,368
St-Antoine / Jean-Paul Riopelle,-73.56058964667682,45.50304782909863,Ville-Marie,817,1144,1961
St-Antoine / St-François-Xavier,-73.55918392539024,45.5045770667804,Ville-Marie,10,15,25
St-Antoine / de la Montagne,-73.56859177350998,45.495369835210354,Ville-Marie,888,966,1854
St-Cyril / Wiseman,-73.61573964357376,45.52085479492202,Outremont,2,4,6
St-Denis / Ste-Catherine,-73.5603104531765,45.51372291221464,Ville-Marie,102,137,239
St-Dominique / Bernard,-73.60122251338906,45.52793332015246,Le Plateau-Mont-Royal,12,15,27
St-Dominique / Laurier,-73.59245739877223,45.52361490311454,Le Plateau-Mont-Royal,328,333,661
St-Dominique / Napoléon,-73.57722043991089,45.51666442219882,Le Plateau-Mont-Royal,290,298,588
St-Dominique / Rachel,-73.58156056457119,45.51861160491394,Le Plateau-Mont-Royal,548,392,940
St-Dominique / St-Zotique,-73.6110632121563,45.53226461018495,Rosemont - La Petite-Patrie,64,60,124
St-Dominique / de Bellechasse,-73.60488876700401,45.52952466565309,Rosemont - La Petite-Patrie,111,85,196
St-Dominique / du Mont-Royal,-73.5857605934143,45.52058062365273,Le Plateau-Mont-Royal,245,160,405
St-Germain / Hochelaga,-73.5534825682771,45.543652466151,Mercier - Hochelaga-Maisonneuve,12,13,25
St-Grégoire / Christophe-Colomb,-73.58993947505951,45.53255611409675,Le Plateau-Mont-Royal,2114,1502,3616
St-Hubert / Duluth,-73.57418417930603,45.52242565278864,Le Plateau-Mont-Royal,330,266,596
St-Hubert / Laurier,-73.58786880970001,45.52893724049854,Le Plateau-Mont-Royal,2,2,4
St-Hubert / René-Levesque,-73.5568732023239,45.51448197165063,Ville-Marie,47,53,100
St-Hubert / de Maisonneuve (nord),-73.56049686670303,45.51613214980722,Ville-Marie,805,1262,2067
St-Jacques / McGill,-73.56082946062088,45.501148148218206,Ville-Marie,1760,2334,4094
St-Jacques / Richmond,-73.57080727815628,45.4906636488045,Le Sud-Ouest,292,418,710
St-Jacques / Vinet,-73.57692271471024,45.485328993998365,Le Sud-Ouest,329,411,740
St-Laurent / Pl. du Marché,-73.56241598725319,45.50928960913111,Ville-Marie,2254,2612,4866
St-Mathieu / Lincoln,-73.58126726008777,45.49498578930944,Ville-Marie,2,5,7
St-Patrick / Thomas-Keefer,-73.57427294832632,45.47801152713375,Le Sud-Ouest,1098,1234,2332
St-Rémi / Ste-Émilie,-73.58923405408859,45.46976497412213,Le Sud-Ouest,367,438,805
St-Timothée / Ste-Catherine,-73.55770137168292,45.5170563208812,Ville-Marie,77,98,175
St-Urbain / Laurier,-73.59366774559021,45.52164617544124,Le Plateau-Mont-Royal,5320,4494,9814
St-Urbain / de la Gauchetière,-73.56139540672302,45.50707812811467,Ville-Marie,29,43,72
St-Viateur / Casgrain,-73.5979351401329,45.52707134397896,Le Plateau-Mont-Royal,4900,4356,9256
Stanley / René-Lévesque,-73.57077571808077,45.49790394592446,Ville-Marie,1779,1708,3487
Stanley / Sherbrooke,-73.57722634080346,45.50105732321463,Ville-Marie,54,41,95
Ste-Catherine / Bishop,-73.5762146115303,45.49658063218649,Ville-Marie,2722,2103,4825
Ste-Catherine / Drummond,-73.57436656951904,45.498488900657,Ville-Marie,1109,845,1954
Ste-Catherine / St-Clément,-73.53024959564209,45.55671730558936,Mercier - Hochelaga-Maisonneuve,544,635,1179
Ste-Catherine / St-Mathieu,-73.57917845249176,45.49384690142783,Ville-Marie,1,1,2
Ste-Catherine / Towers,-73.58096480369566,45.49228068089086,Ville-Marie,3385,2428,5813
Ste-Catherine / Union,-73.56941521167755,45.50370387789841,Ville-Marie,3502,3412,6914
Ste-Catherine / de Bullion,-73.56280624866486,45.51113072062821,Ville-Marie,279,308,587
Ste-Famille / des Pins,-73.57692807912827,45.512856179335664,Le Plateau-Mont-Royal,102,98,200
Ste-Émilie / Sir-Georges-Etienne-Cartier,-73.58503722109162,45.47302318351006,Le Sud-Ouest,722,880,1602
Tolhurst / Fleury,-73.66735741496086,45.54407915308118,Ahuntsic-Cartierville,11,22,33
Union / René-Lévesque,-73.56658279895781,45.50235036136798,Ville-Marie,52,44,96
Union / Ste-Catherine,-73.56970220804214,45.504027213143104,Ville-Marie,22,30,52
University / Milton,-73.5766088962555,45.5065386376248,Le Plateau-Mont-Royal,229,227,456
University / Prince-Arthur,-73.57864737510681,45.5074794530521,Ville-Marie,125,84,209
University / des Pins,-73.57988489795387,45.50802525900976,Ville-Marie,42,14,56
Vallières / St-Laurent,-73.5836161673069,45.51896722332005,Le Plateau-Mont-Royal,239,144,383
Van Horne / Dollard,-73.61618220806122,45.51928953121951,Outremont,373,340,713
Viger / Chenneville,-73.56089115142822,45.50531166520915,Ville-Marie,509,1342,1851
Villeneuve / St-Dominique,-73.58870131898584,45.522272664526696,Le Plateau-Mont-Royal,132,99,231
Villeneuve / du Parc,-73.59239235520363,45.518197623521424,Le Plateau-Mont-Royal,214,140,354
Villeray / De Normanville,-73.6184438467353,45.54716675630067,Villeray—Saint-Michel—Parc-Extension,1088,898,1986
Waverly / Beaumont,-73.61607760190964,45.53118825986005,Rosemont - La Petite-Patrie,30,28,58
Waverly / Bernard,-73.60413372516632,45.52562443297396,Le Plateau-Mont-Royal,28,27,55
Wellington / Queen,-73.55534417554736,45.49770377469073,Ville-Marie,1035,1226,2261
William / Robert-Bourassa,-73.55933010578154,45.49716534003792,Le Sud-Ouest,692,961,1653
Wilson / Sherbrooke,-73.61663818359374,45.4703791154553,Côte-des-Neiges - Notre-Dame-de-Grâce,597,703,1300
Wolfe / René-Lévesque,-73.55416085578327,45.51680261228575,Ville-Marie,29,30,59
Wolfe / Robin,-73.56020073872969,45.51959908817399,Ville-Marie,35,37,72
Workman / Vinet,-73.5750612616539,45.48378886396517,Le Sud-Ouest,594,777,1371
cyclo,-73.60150516033173,45.53007509225256,Inconnu,0,17,17
de Bordeaux / Masson,-73.58252048492432,45.539037937964046,Le Plateau-Mont-Royal,106,101,207
de Bordeaux / Rachel,-73.56769983980485,45.53207532297607,Le Plateau-Mont-Royal,129,137,266
de Bordeaux / St-Joseph,-73.57777421686478,45.53683253167888,Le Plateau-Mont-Royal,62,45,107
de Bordeaux / St-Zotique,-73.59866335988045,45.546534315701145,Inconnu,0,3,3
de Bordeaux / de Bellechasse,-73.59154611825943,45.54325917626278,Rosemont - La Petite-Patrie,18,17,35
de Bordeaux / du Mont-Royal,-73.57283771038055,45.53451201270128,Le Plateau-Mont-Royal,229,196,425
de Chambly / Rachel,-73.55826258659361,45.54991069359101,Rosemont - La Petite-Patrie,2,4,6
de Chambly / Sherbrooke,-73.55520687997341,45.548915645858266,Inconnu,0,2,2
de Chambly / de Rouen,-73.54892179369926,45.5470496637535,Mercier - Hochelaga-Maisonneuve,20,28,48
de Courcelle / Acorn,-73.59178466722369,45.47400860229191,Le Sud-Ouest,378,454,832
de Gaspé / Dante,-73.61217230558395,45.53429782539273,Rosemont - La Petite-Patrie,53,65,118
de Gaspé / Fairmount,-73.59285570681095,45.52557815939422,Le Plateau-Mont-Royal,8,9,17
de Gaspé / Marmier,-73.60166944563389,45.529668174024685,Rosemont - La Petite-Patrie,689,516,1205
de Gaspé / St-Viateur,-73.59738260507582,45.5276726466961,Le Plateau-Mont-Royal,35,24,59
de Kent / Hudson,-73.62931698560715,45.5058412398175,Côte-des-Neiges - Notre-Dame-de-Grâce,148,171,319
de Lanaudière / Jean-Talon,-73.61032962799072,45.545350334193245,Villeray—Saint-Michel—Parc-Extension,75,69,144
de Lanaudière / Laurier,-73.58373686671257,45.5333136054992,Le Plateau-Mont-Royal,156,126,282
de Lanaudière / Marie-Anne,-73.57480645179749,45.52932643090091,Le Plateau-Mont-Royal,119,111,230
de Maisonneuve / Aylmer (est),-73.5704317688942,45.50538591756765,Ville-Marie,1417,1823,3240
de Maisonneuve / Aylmer (ouest),-73.5706517100334,45.505173440423306,Ville-Marie,2540,2522,5062
de Maisonneuve / Fullum,-73.54948371648788,45.52797141659334,Ville-Marie,1819,2107,3926
de Maisonneuve / Greene,-73.58929306,45.48697062,Westmount,1005,977,1982
de Maisonneuve / Mackay,-73.5787707567215,45.49652610927994,Ville-Marie,5693,5258,10951
de Maisonneuve / Mansfield (nord),-73.57333794236183,45.50238607958335,Ville-Marie,880,998,1878
de Maisonneuve / Mansfield (sud),-73.57346534729004,45.502053864057466,Ville-Marie,1648,1702,3350
de Maisonneuve / Mansfield (sud-est),-73.5733064264059,45.50229349416256,Ville-Marie,1422,1549,2971
de Maisonneuve / de Bleury,-73.56907725334167,45.50710068509571,Ville-Marie,2822,3374,6196
de Marseille / de la Pépinière,-73.54069948196411,45.5766515768136,Mercier - Hochelaga-Maisonneuve,354,338,692
de Mentana / Marie-Anne,-73.57785880565643,45.52602656522141,Le Plateau-Mont-Royal,164,178,342
de Mentana / du Mont-Royal,-73.58005285263062,45.52694544540877,Le Plateau-Mont-Royal,67,91,158
de St-Vallier / Rosemont,-73.59804779291153,45.531921043052655,Rosemont - La Petite-Patrie,47,32,79
de St-Vallier / St-Zotique,-73.60783427975548,45.536434338630336,Rosemont - La Petite-Patrie,44,35,79
de l'Esplanade  / Fairmount,-73.59684884548187,45.52148455865522,Le Plateau-Mont-Royal,40,32,72
de l'Esplanade / Beaubien,-73.61192286014557,45.52839983858232,Rosemont - La Petite-Patrie,69,67,136
de l'Esplanade / Bernard,-73.60463630408049,45.52507719260653,Le Plateau-Mont-Royal,7,6,13
de l'Esplanade / Rachel,-73.58359336853027,45.51631633525551,Le Plateau-Mont-Royal,398,213,611
de l'Esplanade / Villeneuve,-73.59095953859651,45.51943184213857,Le Plateau-Mont-Royal,4,6,10
de l'Esplanade / du Mont-Royal,-73.5883381962776,45.51825290855221,Le Plateau-Mont-Royal,272,148,420
de l'Hôtel-de-Ville / Ontario,-73.56666326522826,45.51374520222444,Ville-Marie,77,137,214
de l'Hôtel-de-Ville / Rachel,-73.58010649681091,45.51989655507833,Le Plateau-Mont-Royal,4455,3710,8165
de l'Hôtel-de-Ville / Roy,-73.57449866831303,45.51733075399989,Le Plateau-Mont-Royal,214,208,422
de l'Hôtel-de-Ville / Sherbrooke,-73.56835573911665,45.5145247302944,Ville-Marie,45,41,86
de l'Hôtel-de-Ville / Villeneuve,-73.58732756238169,45.52348082760688,Le Plateau-Mont-Royal,167,132,299
de l'Hôtel-de-Ville / du Mont-Royal,-73.58460858464241,45.522178004145694,Le Plateau-Mont-Royal,159,117,276
de la Cathédrale / René-Lévesque,-73.56931967664423,45.499161694813886,Ville-Marie,37,18,55
de la Commune / Berri,-73.54983,45.51086,Ville-Marie,786,1029,1815
de la Commune / King,-73.55284452438353,45.49750375338383,Ville-Marie,1544,1969,3513
de la Commune / Place Jacques-Cartier,-73.55183601379395,45.50761009451047,Ville-Marie,700,1308,2008
de la Commune / St-Sulpice,-73.553469479084,45.50424245563397,Ville-Marie,1306,1794,3100
de la Côte St-Paul / St-Ambroise,-73.59391784324544,45.46766565386597,Le Sud-Ouest,445,427,872
de la Côte-Ste-Catherine / Davaar,-73.61105918884276,45.51416245548193,Outremont,431,269,700
de la Côte-Ste-Catherine / Decelles,-73.62563699483871,45.50094101588506,Côte-des-Neiges - Notre-Dame-de-Grâce,302,130,432
de la Côte-des-Neiges / Remembrance,-73.60577141979775,45.49550601541812,Ville-Marie,12,9,21
de la Gauchetière / St-Alexandre,-73.56374170638446,45.50295893873599,Ville-Marie,61,66,127
de la Montagne / Notre-Dame,-73.5646878182888,45.49291337906463,Le Sud-Ouest,2381,2881,5262
de la Montagne / Sherbrooke,-73.57890754938126,45.49971843051624,Ville-Marie,10,9,19
de la Montagne / Ste-Catherine,-73.57444782822313,45.497560644116994,Ville-Marie,14,11,25
de la Porte de Québec / St-André,-73.5505781,45.5132941,Ville-Marie,739,718,1457
de la Roche / Bélanger,-73.60757953489156,45.54159135681213,Rosemont - La Petite-Patrie,9,9,18
des Barges / des Bassins,-73.5635170340538,45.4885952842812,Le Sud-Ouest,1325,1412,2737
des Pins / Hutchison,-73.57825007289647,45.51077694102021,Le Plateau-Mont-Royal,183,194,377
des Pins / St-Laurent,-73.5750961303711,45.51522812881499,Le Plateau-Mont-Royal,7178,6782,13960
des Récollets / McGill,-73.55904474863564,45.500890568811926,Ville-Marie,13,14,27
des Écores / de Bellechasse,-73.58988046646118,45.54607879439562,Rosemont - La Petite-Patrie,44,53,97
des Érables / Bélanger,-73.60087350010872,45.54912085535069,Rosemont - La Petite-Patrie,11,12,23
des Érables / Laurier,-73.57769921422005,45.538514913607656,Le Plateau-Mont-Royal,3554,3329,6883
des Érables / Rachel,-73.56671154499054,45.533313304815366,Le Plateau-Mont-Royal,3691,3206,6897
du Champ-de-Mars / Gosford,-73.55400860309601,45.50965520472071,Ville-Marie,1,2,3
du Havre / Hochelaga,-73.55793272432493,45.53583977483071,Ville-Marie,1230,1468,2698
du Mont-Royal / Augustin-Frigon,-73.56780052185059,45.54355786336148,Inconnu,0,1,1
du Mont-Royal / Clark,-73.58685,45.51941,Le Plateau-Mont-Royal,8515,6067,14582
du Mont-Royal / St-André,-73.5805805772543,45.52648048733308,Le Plateau-Mont-Royal,2525,2338,4863
du Mont-Royal / de Brébeuf,-73.57792049646378,45.529324317019466,Le Plateau-Mont-Royal,3253,3046,6299
du Parc-La Fontaine / Duluth,-73.57197672128677,45.52451761488783,Le Plateau-Mont-Royal,107,107,214
du Parc-La Fontaine / Roy,-73.56920063495635,45.522987952690826,Le Plateau-Mont-Royal,197,152,349
du Parc-Lafontaine / Rachel,-73.57424452900887,45.52551168509886,Le Plateau-Mont-Royal,2730,2499,5229
du President-Kennedy / Union,-73.57187882065773,45.5051022424836,Ville-Marie,60,73,133
du Square Saint-Louis / Laval,-73.570156325477,45.51608652423074,Le Plateau-Mont-Royal,103,87,190
du Séminaire / de la Montagne,-73.56246292591095,45.4921078892434,Le Sud-Ouest,1109,1582,2691
Édouard-Montpetit / de Stirling,-73.61485987901688,45.50737888711866,Côte-des-Neiges - Notre-Dame-de-Grâce,1249,878,2127
Émery / St-Denis,-73.56349289417267,45.51483155785108,Ville-Marie,1508,2011,3519
Émile-Duployé / Rachel,-73.56998120721983,45.52970707609694,Le Plateau-Mont-Royal,3635,3237,6872
Émile-Duployé / Sherbrooke,-73.5645255446434,45.52719536319051,Le Plateau-Mont-Royal,4817,4032,8849
